-- Saray Gülü Admin Panel SQL Dökümü
-- Veritabanı: u220042353_saray

CREATE TABLE IF NOT EXISTS admins (
  id INT AUTO_INCREMENT PRIMARY KEY,
  username VARCHAR(64) NOT NULL UNIQUE,
  password_hash VARCHAR(255) NOT NULL,
  created_at TIMESTAMP DEFAULT CURRENT_TIMESTAMP
) ENGINE=InnoDB DEFAULT CHARSET=utf8mb4;

INSERT INTO admins (username, password_hash) VALUES
('sarayadmin', '$2y$12$lrWTlnLLqQ386KABFDYmde6fsktr0GL1d4SbNIMTUPlbV3bnSmsPy')
ON DUPLICATE KEY UPDATE username=VALUES(username);

CREATE TABLE IF NOT EXISTS categories (
  id INT AUTO_INCREMENT PRIMARY KEY,
  parent_id INT NULL,
  name VARCHAR(150) NOT NULL,
  description TEXT,
  sort_order INT DEFAULT 0,
  image_path VARCHAR(255),
  created_at TIMESTAMP DEFAULT CURRENT_TIMESTAMP,
  CONSTRAINT fk_categories_parent FOREIGN KEY (parent_id) REFERENCES categories(id) ON DELETE SET NULL
) ENGINE=InnoDB DEFAULT CHARSET=utf8mb4;

CREATE TABLE IF NOT EXISTS products (
  id INT AUTO_INCREMENT PRIMARY KEY,
  category_id INT,
  name VARCHAR(200) NOT NULL,
  description TEXT,
  price DECIMAL(10,2) NOT NULL DEFAULT 0.00,
  image_path VARCHAR(255),
  created_at TIMESTAMP DEFAULT CURRENT_TIMESTAMP,
  updated_at TIMESTAMP DEFAULT CURRENT_TIMESTAMP ON UPDATE CURRENT_TIMESTAMP,
  CONSTRAINT fk_products_category FOREIGN KEY (category_id) REFERENCES categories(id) ON DELETE SET NULL
) ENGINE=InnoDB DEFAULT CHARSET=utf8mb4;

CREATE TABLE IF NOT EXISTS branches (
  id INT AUTO_INCREMENT PRIMARY KEY,
  name VARCHAR(100) NOT NULL,
  wifi_name VARCHAR(150) DEFAULT NULL,
  wifi_password VARCHAR(150) DEFAULT NULL,
  updated_at TIMESTAMP DEFAULT CURRENT_TIMESTAMP ON UPDATE CURRENT_TIMESTAMP
) ENGINE=InnoDB DEFAULT CHARSET=utf8mb4;

INSERT INTO branches (id, name, wifi_name, wifi_password) VALUES
(1, 'Merkez', 'SarayGulu-Merkez', 'sg2024!'),
(2, 'Petrol City', 'SarayGulu-Petrol', 'petrolcity24'),
(3, 'Kıra Dağı', 'SarayGulu-KiraDagi', 'kiradagi24')
ON DUPLICATE KEY UPDATE
  name = VALUES(name),
  wifi_name = VALUES(wifi_name),
  wifi_password = VALUES(wifi_password);

CREATE TABLE IF NOT EXISTS feedbacks (
  id INT AUTO_INCREMENT PRIMARY KEY,
  customer_name VARCHAR(120) NOT NULL,
  rating INT NOT NULL CHECK (rating BETWEEN 1 AND 5),
  comment TEXT,
  branch_id INT NULL,
  topic VARCHAR(50) DEFAULT NULL,
  contact VARCHAR(150) DEFAULT NULL,
  language VARCHAR(5) DEFAULT 'tr',
  created_at TIMESTAMP DEFAULT CURRENT_TIMESTAMP,
  CONSTRAINT fk_feedbacks_branch FOREIGN KEY (branch_id) REFERENCES branches(id) ON DELETE SET NULL
) ENGINE=InnoDB DEFAULT CHARSET=utf8mb4;

CREATE TABLE IF NOT EXISTS campaigns (
  id INT AUTO_INCREMENT PRIMARY KEY,
  image_path VARCHAR(255) DEFAULT NULL,
  is_active TINYINT(1) DEFAULT 0,
  created_at TIMESTAMP DEFAULT CURRENT_TIMESTAMP,
  updated_at TIMESTAMP DEFAULT CURRENT_TIMESTAMP ON UPDATE CURRENT_TIMESTAMP
) ENGINE=InnoDB DEFAULT CHARSET=utf8mb4;

INSERT INTO campaigns (id, image_path, is_active) VALUES (1, NULL, 0)
ON DUPLICATE KEY UPDATE image_path=VALUES(image_path), is_active=VALUES(is_active);

CREATE TABLE IF NOT EXISTS meta (
  meta_key VARCHAR(64) PRIMARY KEY,
  meta_value TEXT DEFAULT NULL,
  updated_at TIMESTAMP DEFAULT CURRENT_TIMESTAMP ON UPDATE CURRENT_TIMESTAMP
) ENGINE=InnoDB DEFAULT CHARSET=utf8mb4;

INSERT INTO meta (meta_key, meta_value) VALUES ('menu_version', '1')
ON DUPLICATE KEY UPDATE meta_value = meta_value;

-- Menü kategorileri (üst ve alt) ve ürün tohum verisi
INSERT INTO categories (id, parent_id, name, sort_order) VALUES
 (1, NULL, 'GÜNE BAŞLARKEN', 1),
 (2, NULL, 'BAŞLANGIÇLAR', 2),
 (3, NULL, 'TOSTLAR', 3),
 (4, NULL, 'BURGERLER', 4),
 (5, NULL, 'SALATALAR', 5),
 (6, NULL, 'PİZZA & PİDELER', 6),
 (7, NULL, 'MAKARNALAR & NOODLE', 7),
 (8, NULL, 'LEZZETLİ TAVUKLAR', 8),
 (9, NULL, 'YÖRESEL ETLER', 9),
 (10, NULL, 'KEBAP VE IZGARALAR', 10),
 (11, NULL, 'FAJITALAR', 11),
 (12, NULL, 'WAFFLE', 12),
 (13, NULL, 'PASTALAR', 13),
 (14, NULL, 'SÜTLÜ TATLILAR', 14),
 (15, NULL, 'DONDURMALAR', 15),
 (16, NULL, 'SOĞUK İÇECEKLER', 16),
 (17, NULL, 'SOĞUK SIKMALAR', 17),
 (18, NULL, 'SICAK İÇECEKLER', 18),
 (19, NULL, 'BİTKİ ÇAYLARI', 19),
 (20, NULL, 'TÜRK KAHVELERİ', 20),
 (21, NULL, 'DÜNYA KAHVELERİ', 21),
 (22, 21, 'DÜNYA KAHVELERİ – SERT İÇİM', 22),
 (23, 21, 'DÜNYA KAHVELERİ – YUMUŞAK İÇİM', 23),
 (24, 21, 'DÜNYA KAHVELERİ – TATLI İÇİM', 24),
 (25, NULL, 'BÖLGESEL KAHVELER', 25),
 (26, NULL, 'SOĞUK KAHVELER', 26),
 (27, 26, 'SOĞUK KAHVELER – SERT İÇİM', 27),
 (28, 26, 'SOĞUK KAHVELER – TATLI İÇİM', 28),
 (29, NULL, 'KOKTEYLLER', 29),
 (30, NULL, 'MILKSHAKELER', 30),
 (31, NULL, 'FROZENLER', 31),
 (32, NULL, 'FRAPPELER', 32)
ON DUPLICATE KEY UPDATE name=VALUES(name), parent_id=VALUES(parent_id), sort_order=VALUES(sort_order);

INSERT INTO products (category_id, name, description, price) VALUES
 (1, 'Yöresel serpme kahvaltı', NULL, 0),
 (1, 'Tek kişilik kahvaltı tabağı', NULL, 0),
 (1, 'Kavurmalı yumurta', NULL, 0),
 (1, 'Tereyağlı sahanda yumurta', NULL, 0),
 (1, 'Sucuklu yumurta', NULL, 0),
 (1, 'Pastırmalı yumurta', NULL, 0),
 (1, 'Omlet çeşitleri', NULL, 0),
 (3, 'Kaşarlı tost', NULL, 0),
 (3, 'Karışık tost', NULL, 0),
 (3, 'Kavurmalı kaşarlı tost', NULL, 0),
 (2, 'Günün çorbası', NULL, 0),
 (2, 'Patates tava', NULL, 0),
 (2, 'Atıştırma sepeti', NULL, 0),
 (4, 'Klasik hamburger', NULL, 0),
 (4, 'Cheese burger', NULL, 0),
 (4, 'Çıtır tavuk burger', NULL, 0),
 (4, 'Sultan lokum burger', NULL, 0),
 (5, 'Tavuklu Sezar salata', NULL, 0),
 (5, 'Çoban salata', NULL, 0),
 (5, 'Izgara hellim salata', NULL, 0),
 (5, 'Ton balıklı salata', NULL, 0),
 (5, 'Keçi peynirli Saray salata', NULL, 0),
 (6, 'Margarita pizza', NULL, 0),
 (6, 'Mantarlı pizza', NULL, 0),
 (6, 'Mix karnaval pizza', NULL, 0),
 (6, 'Pizza ala tono', NULL, 0),
 (6, 'Üç peynirli pastırmalı pizza', NULL, 0),
 (6, 'Sucuklu pizza', NULL, 0),
 (6, 'Kaşarlı pide', NULL, 0),
 (6, 'Kıymalı pide', NULL, 0),
 (6, 'Kuşbaşılı pide', NULL, 0),
 (6, 'Kuşbaşı kaşarlı', NULL, 0),
 (6, 'Kıymalı kaşarlı', NULL, 0),
 (6, 'Pide special', NULL, 0),
 (6, 'Lahmacun', NULL, 0),
 (7, 'Fettucine Alfredo', NULL, 0),
 (7, 'Penne Arabiata', NULL, 0),
 (7, 'Sebzeli noodle', NULL, 0),
 (7, 'Tavuklu noodle', NULL, 0),
 (7, 'Dana etli noodle', NULL, 0),
 (8, 'Tavuk külbastı', NULL, 0),
 (8, 'Fesleğenli mantarlı tavuk', NULL, 0),
 (8, 'Kremalı mantarlı tavuk', NULL, 0),
 (8, 'Mexican soslu tavuk', NULL, 0),
 (8, 'Köri soslu tavuk', NULL, 0),
 (8, 'Tavuk schnitzel', NULL, 0),
 (9, 'Mantar soslu dana bonfile', NULL, 0),
 (9, 'Cafe de Paris soslu dana bonfile', NULL, 0),
 (9, 'Izgara dana antrikot', NULL, 0),
 (9, 'Saray lokum', NULL, 0),
 (9, 'Çökertme kebabı', NULL, 0),
 (9, 'Izgara köfte', NULL, 0),
 (9, 'Kaşarlı köfte', NULL, 0),
 (9, 'Kuzu pirzola', NULL, 0),
 (9, 'Fırında kuzu sırtı', NULL, 0),
 (9, 'Çömlekte kuzu tandır', NULL, 0),
 (9, 'Fırında kuzu incik', NULL, 0),
 (9, 'Saç tava (kuzu)', NULL, 0),
 (10, 'Tavuk şiş', NULL, 0),
 (10, 'Yaprak kanat', NULL, 0),
 (10, 'Domatesli kebap', NULL, 0),
 (10, 'Patlıcanlı kebap', NULL, 0),
 (10, 'Karışık et tabağı', NULL, 0),
 (10, 'Acılı kebap', NULL, 0),
 (10, 'Acısız kebap', NULL, 0),
 (10, 'Çöp şiş', NULL, 0),
 (10, 'Ciğer', NULL, 0),
 (10, 'Sarma beyti kebap', NULL, 0),
 (10, 'Fıstıklı kebap', NULL, 0),
 (11, 'Dana etli fajita', NULL, 0),
 (11, 'Tavuklu fajita', NULL, 0),
 (11, 'Fajita kombo', NULL, 0),
 (16, 'Su', NULL, 0),
 (16, 'Sade soda', NULL, 0),
 (16, 'Limonlu soda', NULL, 0),
 (16, 'Meyveli soda', NULL, 0),
 (16, 'Soğuk çay (limon, mango, karpuz, şeftali)', NULL, 0),
 (16, 'Coca Cola', NULL, 0),
 (16, 'Coca Cola Zero', NULL, 0),
 (16, 'Fanta', NULL, 0),
 (16, 'Enerji içeceği', NULL, 0),
 (16, 'Ayran', NULL, 0),
 (16, 'Yayık ayran', NULL, 0),
 (16, 'Şalgam', NULL, 0),
 (16, 'Cappy şeftali', NULL, 0),
 (16, 'Cappy vişne', NULL, 0),
 (16, 'Cappy kayısı', NULL, 0),
 (16, 'Cappy karışık', NULL, 0),
 (17, 'Portakal suyu', NULL, 0),
 (17, 'Limonata', NULL, 0),
 (17, 'Naneli limonata', NULL, 0),
 (17, 'Churchill', NULL, 0),
 (18, 'Çay', NULL, 0),
 (18, 'Fincan çay', NULL, 0),
 (18, 'Sade Nescafe', NULL, 0),
 (18, 'Sütlü Nescafe', NULL, 0),
 (18, 'Sıcak çikolata', NULL, 0),
 (18, 'Sıcak beyaz çikolata', NULL, 0),
 (18, 'Dondurmalı sıcak çikolata', NULL, 0),
 (18, 'Salep', NULL, 0),
 (18, 'Dondurmalı salep', NULL, 0),
 (18, 'Aromalı salep', NULL, 0),
 (18, 'Chai Tea Latte', NULL, 0),
 (18, 'Ballı süt', NULL, 0),
 (18, 'Ballı tarçınlı süt', NULL, 0),
 (18, 'Bal badem salep', NULL, 0),
 (19, 'Kış çayı', NULL, 0),
 (19, 'Ihlamur', NULL, 0),
 (19, 'Nane limon', NULL, 0),
 (19, 'Papatya çayı', NULL, 0),
 (19, 'Ada çayı', NULL, 0),
 (19, 'Yeşil çay', NULL, 0),
 (19, 'Elma tarçın', NULL, 0),
 (20, 'Türk kahvesi', NULL, 0),
 (20, 'Damla sakızlı Türk kahvesi', NULL, 0),
 (20, 'Sütlü Türk kahvesi', NULL, 0),
 (20, 'Süvari Türk kahvesi', NULL, 0),
 (20, 'Dibek kahvesi', NULL, 0),
 (20, 'Menengiç kahvesi', NULL, 0),
 (20, 'Osmanlı kahvesi', NULL, 0),
 (22, 'Espresso', NULL, 0),
 (22, 'Double espresso', NULL, 0),
 (22, 'Americano', NULL, 0),
 (22, 'Flat white', NULL, 0),
 (22, 'Cortado', NULL, 0),
 (22, 'Con panna', NULL, 0),
 (23, 'Latte', NULL, 0),
 (23, 'Cappuccino', NULL, 0),
 (23, 'Affagato', NULL, 0),
 (24, 'White Chocolate Mocha', NULL, 0),
 (24, 'Mocha', NULL, 0),
 (24, 'Zebra Mocha', NULL, 0),
 (24, 'Caramel Latte', NULL, 0),
 (24, 'Caramel Macchiato', NULL, 0),
 (25, 'Guatemala', NULL, 0),
 (25, 'Etiyopya', NULL, 0),
 (25, 'Brezilya', NULL, 0),
 (25, 'Colombia', NULL, 0),
 (25, 'Kenya', NULL, 0),
 (25, 'Irish Cream', NULL, 0),
 (25, 'Filtre kahve', NULL, 0),
 (27, 'Ice Latte', NULL, 0),
 (27, 'Ice Cappuccino', NULL, 0),
 (27, 'Ice Americano', NULL, 0),
 (27, 'Ice Filter Coffee', NULL, 0),
 (28, 'Ice White Mocha', NULL, 0),
 (28, 'Ice Mocha', NULL, 0),
 (28, 'Ice Caramel Latte', NULL, 0),
 (28, 'Ice Caramel Macchiato', NULL, 0),
 (29, 'Mojito', NULL, 0),
 (29, 'Çilekli Mojito', NULL, 0),
 (29, 'İtalyan sodası', NULL, 0),
 (29, 'Karadut Yağmuru', NULL, 0),
 (29, 'Frambuaz Aşkı', NULL, 0),
 (29, 'Strawberry Dream', NULL, 0),
 (29, 'Gönül Çelen', NULL, 0),
 (29, 'White Not', NULL, 0),
 (29, 'Yuppy', NULL, 0),
 (29, 'Coco Choco', NULL, 0),
 (29, 'White Nut', NULL, 0),
 (29, 'Flat Nut', NULL, 0),
 (29, 'Atom Vitamin', NULL, 0),
 (29, 'Saray Special', NULL, 0),
 (30, 'Çilekli milkshake', NULL, 0),
 (30, 'Çikolatalı milkshake', NULL, 0),
 (30, 'Karamelli milkshake', NULL, 0),
 (30, 'Vanilyalı milkshake', NULL, 0),
 (30, 'Muzlu milkshake', NULL, 0),
 (30, 'Oreolu milkshake', NULL, 0),
 (31, 'Çilekli Frozen', NULL, 0),
 (31, 'Nane Limon Frozen', NULL, 0),
 (31, 'Karadut Frozen', NULL, 0),
 (31, 'Şeftali Frozen', NULL, 0),
 (31, 'Elma Frozen', NULL, 0),
 (31, 'Frambuaz Frozen', NULL, 0),
 (31, 'Muz Frozen', NULL, 0),
 (32, 'Çikolatalı frappe', NULL, 0),
 (32, 'Vanilyalı frappe', NULL, 0),
 (32, 'Oreolu frappe', NULL, 0),
 (32, 'Muzlu frappe', NULL, 0),
 (32, 'Frappuccino', NULL, 0),
 (12, 'Karışık waffle', NULL, 0),
 (12, 'Muzlu waffle', NULL, 0),
 (12, 'Dondurmalı waffle', NULL, 0),
 (12, 'Ballı cevizli waffle', NULL, 0),
 (12, 'Fondü', NULL, 0),
 (12, 'Meyve tabağı', NULL, 0),
 (12, 'Çerez tabağı', NULL, 0),
 (13, 'Çikolatalı dilim pasta', NULL, 0),
 (13, 'Meyveli dilim pasta', NULL, 0),
 (13, 'Tiramisu dilim pasta', NULL, 0),
 (13, 'Frambuazlı cheesecake', NULL, 0),
 (13, 'Limonlu cheesecake', NULL, 0),
 (13, 'Fıstık rüyası', NULL, 0),
 (13, 'Çikolatalı suffle', NULL, 0),
 (13, 'Kuru pasta tabağı', NULL, 0),
 (13, 'Brownie', NULL, 0),
 (13, 'Ekler (porsiyon)', NULL, 0),
 (13, 'Malaga', NULL, 0),
 (13, 'San Sebastian', NULL, 0),
 (14, 'Profiterol', NULL, 0),
 (14, 'Supangle', NULL, 0),
 (14, 'Sütlaç', NULL, 0),
 (14, 'Trileçe', NULL, 0),
 (14, 'Magnolia', NULL, 0),
 (15, 'Çilekli dondurma', NULL, 0),
 (15, 'Çikolatalı dondurma', NULL, 0),
 (15, 'Muzlu dondurma', NULL, 0),
 (15, 'Karamelli dondurma', NULL, 0),
 (15, 'Vanilyalı dondurma', NULL, 0),
 (15, 'Oreolu dondurma', NULL, 0),
 (15, 'Fıstıklı dondurma', NULL, 0),
 (15, 'Frambuazlı dondurma', NULL, 0),
 (15, 'Karadutlu dondurma', NULL, 0),
 (15, 'Limonlu dondurma', NULL, 0)
ON DUPLICATE KEY UPDATE name=VALUES(name), category_id=VALUES(category_id);
